{
    "min": [
        {
            "type": "MomentumStrategy",
            "parameters": {
                "MOMENTUM_PERIOD": 14,
                "MOMENTUM_THRESHOLD": 0.05,
                "RSI_PERIOD": 14,
                "RSI_OVERBOUGHT": 70,
                "RSI_OVERSOLD": 30,
                "ACCELERATION_FACTOR": 0.02,
                "MAX_ACCELERATION": 0.2,
                "MACD_FAST": 12,
                "MACD_SLOW": 26,
                "MACD_SIGNAL": 9
            },
            "timeframe": "min"
        }
    ],
    "D": [
        {
            "type": "MomentumStrategy",
            "parameters": {
                "MOMENTUM_PERIOD": 14,
                "MOMENTUM_THRESHOLD": 0.05,
                "RSI_PERIOD": 14,
                "RSI_OVERBOUGHT": 70,
                "RSI_OVERSOLD": 30,
                "ACCELERATION_FACTOR": 0.02,
                "MAX_ACCELERATION": 0.2,
                "MACD_FAST": 12,
                "MACD_SLOW": 26,
                "MACD_SIGNAL": 9
            },
            "timeframe": "D"
        }
    ],
    "ME": [
        {
            "type": "MomentumStrategy",
            "parameters": {
                "MOMENTUM_PERIOD": 14,
                "MOMENTUM_THRESHOLD": 0.05,
                "RSI_PERIOD": 14,
                "RSI_OVERBOUGHT": 70,
                "RSI_OVERSOLD": 30,
                "ACCELERATION_FACTOR": 0.02,
                "MAX_ACCELERATION": 0.2,
                "MACD_FAST": 12,
                "MACD_SLOW": 26,
                "MACD_SIGNAL": 9
            },
            "timeframe": "ME"
        }
    ],
    "A": [
        {
            "type": "MomentumStrategy",
            "parameters": {
                "MOMENTUM_PERIOD": 14,
                "MOMENTUM_THRESHOLD": 0.05,
                "RSI_PERIOD": 14,
                "RSI_OVERBOUGHT": 70,
                "RSI_OVERSOLD": 30,
                "ACCELERATION_FACTOR": 0.02,
                "MAX_ACCELERATION": 0.2,
                "MACD_FAST": 12,
                "MACD_SLOW": 26,
                "MACD_SIGNAL": 9
            },
            "timeframe": "A"
        }
    ]
}